id,name,email,active,created_at
1,Shellie,ssomers0@patch.com,false,4/2/2025
2,Erminie,egrout1@amazon.de,true,4/29/2024
3,Skelly,sturbill2@toplist.cz,false,2/4/2025
4,Osmond,oelia3@china.com.cn,false,12/9/2024
5,Conni,cashford4@ft.com,true,10/17/2024
6,Lori,lnoddles5@addthis.com,false,9/29/2024
7,Gallard,ghenrion6@gnu.org,false,9/14/2024
8,Babette,bkarolovsky7@google.it,false,6/30/2024
9,Phaedra,pblincko8@shutterfly.com,false,7/17/2024
10,Ricky,rshilstone9@sciencedirect.com,true,9/6/2024
11,Dag,dnickolsa@ycombinator.com,true,8/15/2024
12,Kaylee,kverrillsb@thetimes.co.uk,false,10/25/2024
13,Bentley,bruburyc@freewebs.com,true,12/8/2024
14,Henrik,hgrigautd@businessinsider.com,true,1/10/2025
15,Ginelle,gberrille@state.tx.us,false,4/7/2024
16,Kylie,kcaughanf@sitemeter.com,false,10/10/2024
17,Franky,ftadlowg@webs.com,false,3/19/2025
18,Beryle,beddisforthh@nature.com,false,12/18/2024
19,Nevsa,nmahoodi@1und1.de,false,8/21/2024
20,Katina,ktanslyj@google.it,true,2/15/2025
21,Berta,bchmielk@hatena.ne.jp,false,11/7/2024
22,Carrie,cyellowleal@illinois.edu,false,10/2/2024
23,Fayina,fgearingm@goo.ne.jp,true,4/6/2024
24,Nate,nbettensonn@google.com,false,1/5/2025
25,Ludovika,llaphamo@columbia.edu,true,12/4/2024
26,Tandy,tavannp@studiopress.com,true,1/11/2025
27,Ainsley,apresterq@ox.ac.uk,false,5/3/2024
28,Annnora,aoffnerr@nih.gov,false,4/28/2024
29,Hebert,hchastangs@cbslocal.com,false,4/9/2024
30,Mord,mmengot@parallels.com,true,1/30/2025
31,Noami,nhartellu@aboutads.info,true,11/17/2024
32,Hedvige,hlideardv@delicious.com,false,8/1/2024
33,Leann,lscrowsonw@mlb.com,false,5/15/2024
34,Caro,cfugglex@reverbnation.com,true,2/3/2025
35,Hayes,hsainsburybrowny@redcross.org,false,4/9/2024
36,Lynnell,ldwyerz@about.com,true,12/24/2024
37,Faunie,fargue10@flavors.me,true,10/17/2024
38,Mort,mcrewes11@yahoo.com,true,11/30/2024
39,Janey,jperfitt12@cnn.com,false,1/1/2025
40,Catlee,cgeake13@google.co.jp,true,6/22/2024
41,Cilka,cbrodeau14@reverbnation.com,false,12/18/2024
42,Andrew,akarlsson15@twitter.com,false,8/25/2024
43,Zilvia,zsagerson16@booking.com,true,6/24/2024
44,Halimeda,hvatcher17@goodreads.com,false,7/31/2024
45,Alejandra,aanney18@examiner.com,true,11/1/2024
46,Agnella,aavrahm19@desdev.cn,true,7/30/2024
47,Gus,greidshaw1a@creativecommons.org,true,12/8/2024
48,Cinderella,cgumn1b@usatoday.com,false,8/12/2024
49,Robert,rfischer1c@upenn.edu,true,2/23/2025
50,Guss,gcapineer1d@buzzfeed.com,true,1/19/2025
51,Rose,rstonuary1e@yahoo.com,true,8/8/2024
52,Charyl,carchbell1f@infoseek.co.jp,true,4/18/2024
53,Aimee,acanwell1g@cyberchimps.com,false,4/19/2024
54,Kari,kyarham1h@dailymail.co.uk,false,9/25/2024
55,Archer,afraczak1i@harvard.edu,true,6/14/2024
56,Kaye,kwillbourne1j@fc2.com,true,10/22/2024
57,Gleda,gtorbett1k@indiatimes.com,true,7/23/2024
58,Gaston,gpassingham1l@histats.com,false,4/21/2024
59,Marylou,mgirauld1m@europa.eu,true,11/20/2024
60,Shanie,sdeane1n@tinyurl.com,true,9/25/2024
61,Morrie,mtyzack1o@sciencedirect.com,true,12/9/2024
62,Cash,cworsall1p@lycos.com,true,8/31/2024
63,Johny,jpitkeathley1q@aboutads.info,false,2/10/2025
64,Merrili,mstodart1r@free.fr,false,4/5/2025
65,Ceciley,coldnall1s@cyberchimps.com,true,5/10/2024
66,Beulah,bpollastro1t@buzzfeed.com,false,12/4/2024
67,Kathi,kpotzold1u@uol.com.br,false,12/9/2024
68,Hetty,hcaulfield1v@vinaora.com,true,6/19/2024
69,Maudie,mhort1w@deliciousdays.com,false,6/30/2024
70,Thia,tchapell1x@cbc.ca,true,12/1/2024
71,Yance,ywennington1y@hubpages.com,true,1/28/2025
72,Hedwig,hmoraleda1z@163.com,true,12/23/2024
73,Pippa,pmathou20@4shared.com,true,1/6/2025
74,Gizela,gmissenden21@cbc.ca,true,1/27/2025
75,Isidora,ihowsan22@storify.com,true,9/27/2024
76,Jedediah,jallett23@answers.com,false,11/18/2024
77,Chevy,capplegarth24@ucoz.com,false,11/13/2024
78,Ernaline,erosenfarb25@blinklist.com,true,10/22/2024
79,Bendix,bandraud26@time.com,true,4/6/2024
80,Livvy,lmcfayden27@apache.org,true,7/7/2024
81,Ardenia,alitt28@shinystat.com,false,2/11/2025
82,Padriac,pirvine29@netlog.com,false,12/30/2024
83,Boone,bmussared2a@umn.edu,true,6/17/2024
84,Belle,bolenchikov2b@amazon.co.uk,false,11/16/2024
85,Sissie,smacvey2c@ebay.co.uk,true,3/6/2025
86,Annelise,aricarde2d@google.ru,false,3/23/2025
87,Palm,plilleyman2e@amazon.co.uk,false,2/14/2025
88,Trescha,tmajury2f@mtv.com,true,7/23/2024
89,Shermie,ssirrell2g@cbc.ca,true,10/19/2024
90,Elston,emaxfield2h@skyrock.com,false,12/20/2024
91,Ev,eleander2i@trellian.com,true,3/19/2025
92,Eldridge,emcpharlain2j@mashable.com,false,10/24/2024
93,Felecia,flepiscopi2k@wsj.com,false,12/1/2024
94,Lib,lgoare2l@timesonline.co.uk,true,9/23/2024
95,Kristyn,kcoils2m@google.com.hk,true,11/1/2024
96,Gretta,gmoohan2n@bravesites.com,true,4/28/2024
97,Lemmie,lmalecky2o@hexun.com,true,4/3/2025
98,Laurie,lpankhurst2p@sun.com,true,2/3/2025
99,Eward,esimenot2q@independent.co.uk,true,1/1/2025
100,Masha,mpeasby2r@nationalgeographic.com,false,10/23/2024
101,Eduino,egurys2s@over-blog.com,false,12/10/2024
102,Town,tlacaze2t@ucla.edu,false,4/24/2024
103,Tiebout,tlong2u@fema.gov,true,4/21/2024
104,Nickolaus,ncorser2v@comcast.net,false,12/10/2024
105,Evan,eokelleher2w@weather.com,true,5/16/2024
106,Hogan,hacott2x@mayoclinic.com,false,7/20/2024
107,Alexandr,astoppe2y@elpais.com,false,6/2/2024
108,Quillan,qscarbarrow2z@netvibes.com,true,11/4/2024
109,Isabeau,iatheis30@earthlink.net,false,8/21/2024
110,Annora,afaulo31@cnbc.com,true,10/28/2024
111,Davis,dstronge32@free.fr,true,1/6/2025
112,Tressa,tmustill33@examiner.com,false,5/22/2024
113,Lev,lhastelow34@soundcloud.com,true,5/27/2024
114,Marcy,monowlan35@4shared.com,true,10/22/2024
115,Alexa,ahoulison36@prweb.com,true,6/9/2024
116,Doroteya,dcree37@cbsnews.com,true,3/29/2025
117,Jacquie,jbaitman38@xing.com,true,8/24/2024
118,Agace,aditer39@printfriendly.com,false,9/21/2024
119,Curr,cpope3a@digg.com,false,5/24/2024
120,Franz,fwoodhouse3b@weather.com,true,6/24/2024
121,Ema,ehans3c@addthis.com,true,7/3/2024
122,Leticia,lyounglove3d@slashdot.org,true,11/29/2024
123,Federica,fjancy3e@sourceforge.net,false,5/31/2024
124,Elvyn,erowbottam3f@umn.edu,true,9/2/2024
125,Leora,lblackesland3g@zimbio.com,false,6/9/2024
126,Shanna,spatshull3h@walmart.com,false,10/29/2024
127,Neel,nreace3i@wix.com,false,6/22/2024
128,Neale,nivons3j@jimdo.com,false,11/30/2024
129,Dew,dmish3k@ycombinator.com,false,11/21/2024
130,Morry,mholby3l@nps.gov,true,6/28/2024
131,Montague,mchatelet3m@smugmug.com,true,1/14/2025
132,Marcelle,mfarrell3n@ning.com,true,7/17/2024
133,Laney,lbuckell3o@usda.gov,false,1/4/2025
134,Karin,kbelliard3p@time.com,false,4/22/2024
135,Clem,cmottinelli3q@jimdo.com,false,4/7/2024
136,Ram,rcarlos3r@vistaprint.com,false,1/7/2025
137,Reuben,rguirardin3s@nsw.gov.au,true,12/23/2024
138,Cynthie,ceverix3t@godaddy.com,false,4/14/2024
139,Kimberli,kmedlicott3u@vistaprint.com,true,11/12/2024
140,Malena,mkalkofer3v@skype.com,true,11/9/2024
141,Keelby,kstledger3w@lulu.com,false,2/3/2025
142,Staffard,sbernhardt3x@behance.net,false,5/27/2024
143,Bess,bvarndall3y@bigcartel.com,false,3/6/2025
144,Shannan,sbaser3z@live.com,false,10/31/2024
145,Frazer,fstidson40@guardian.co.uk,true,5/9/2024
146,Domini,dcund41@latimes.com,false,10/7/2024
147,Yard,ymarian42@statcounter.com,false,2/8/2025
148,Haven,howens43@taobao.com,true,12/27/2024
149,Krishnah,khuske44@lycos.com,true,9/26/2024
150,Tally,twensley45@oaic.gov.au,true,5/15/2024
151,Gregorio,gpartkya46@java.com,true,6/12/2024
152,Babita,bandrejevic47@jugem.jp,false,12/14/2024
153,Conan,cbaudassi48@geocities.com,true,4/23/2024
154,Roanne,rbainton49@constantcontact.com,true,1/29/2025
155,Siward,swolsey4a@pinterest.com,true,5/13/2024
156,Fairleigh,fcircuit4b@senate.gov,true,6/7/2024
157,Jervis,jleyninye4c@mapy.cz,true,10/23/2024
158,Latrena,lcruft4d@kickstarter.com,false,1/3/2025
159,Nikolos,nkovalski4e@about.me,false,5/19/2024
160,Maribelle,mparell4f@technorati.com,true,7/20/2024
161,Dave,dcullinane4g@hao123.com,true,10/28/2024
162,Jaymie,jbyars4h@wikispaces.com,false,3/1/2025
163,Karrie,kdelete4i@boston.com,false,12/27/2024
164,Ernaline,emccrachen4j@imageshack.us,false,12/22/2024
165,Way,wtuke4k@lulu.com,false,5/21/2024
166,Elisa,edundridge4l@whitehouse.gov,false,3/5/2025
167,Eugine,estandering4m@bizjournals.com,true,5/7/2024
168,Tildy,tatlay4n@over-blog.com,true,5/21/2024
169,Zebedee,ziddon4o@bluehost.com,true,9/25/2024
170,Ruby,rmolyneux4p@sina.com.cn,true,5/21/2024
171,Ellis,ecleaver4q@csmonitor.com,true,5/27/2024
172,Amalie,asparway4r@columbia.edu,true,11/11/2024
173,Elwyn,ekeets4s@mtv.com,true,7/21/2024
174,Mort,mfearnyhough4t@linkedin.com,false,2/27/2025
175,Mikol,mbrend4u@networksolutions.com,true,7/25/2024
176,Lea,ldosdell4v@mapy.cz,true,9/15/2024
177,Janaye,jmadocjones4w@cdc.gov,true,10/2/2024
178,Kathye,kjoiris4x@google.cn,false,5/27/2024
179,Chlo,cabells4y@1und1.de,true,7/28/2024
180,Cletis,cbilbie4z@wired.com,true,3/18/2025
181,Feodora,ffealey50@histats.com,true,9/17/2024
182,Jemie,jcoltan51@usda.gov,false,2/20/2025
183,Spencer,smerwede52@spotify.com,true,12/27/2024
184,Ginnifer,glippini53@nasa.gov,false,12/27/2024
185,Hercules,hduell54@t.co,true,2/6/2025
186,Wallache,wbrealey55@discovery.com,false,5/30/2024
187,Mona,melderkin56@imageshack.us,true,6/22/2024
188,Dugald,ddellcasa57@issuu.com,true,10/5/2024
189,Kat,kbrasener58@goo.gl,false,5/24/2024
190,Ardath,aferebee59@mysql.com,true,5/28/2024
191,Ewan,ejupe5a@bing.com,false,5/16/2024
192,Stepha,smacteggart5b@ft.com,false,9/18/2024
193,Kris,kbloodworth5c@google.de,false,11/28/2024
194,Nadine,nnorthcliffe5d@geocities.jp,false,11/11/2024
195,Thibaut,tdarcy5e@thetimes.co.uk,false,5/19/2024
196,Lesly,ltrouncer5f@123-reg.co.uk,false,1/25/2025
197,Sansone,slisimore5g@slideshare.net,false,5/1/2024
198,Wendye,wantognazzi5h@mozilla.org,false,9/20/2024
199,Tina,tcorradeschi5i@cargocollective.com,true,1/23/2025
200,Britta,bbrockbank5j@hud.gov,true,11/20/2024
201,Abbey,ahaston5k@altervista.org,false,10/27/2024
202,Trula,tmcneillie5l@miitbeian.gov.cn,false,6/3/2024
203,Pris,pskuse5m@mozilla.com,true,3/16/2025
204,Kendell,kfortnam5n@sciencedirect.com,false,1/18/2025
205,Aloise,ayannikov5o@theatlantic.com,true,12/30/2024
206,Ashlan,abeatey5p@unicef.org,true,7/31/2024
207,Dareen,dburghill5q@hud.gov,false,1/4/2025
208,Barrett,bmacfadden5r@blinklist.com,true,3/31/2025
209,Bernadine,bheintzsch5s@diigo.com,false,10/16/2024
210,Tasha,trivel5t@w3.org,true,11/20/2024
211,Leelah,ldilley5u@list-manage.com,true,8/23/2024
212,Jack,jbraker5v@eepurl.com,true,11/16/2024
213,Fredric,fblair5w@engadget.com,true,7/12/2024
214,Moishe,mhubery5x@thetimes.co.uk,true,8/24/2024
215,Angel,ajimeno5y@apple.com,true,2/18/2025
216,Carla,cspadollini5z@eventbrite.com,false,4/5/2025
217,Cad,ctarbett60@bandcamp.com,true,4/28/2024
218,Averell,asacks61@ftc.gov,true,7/17/2024
219,Bernice,bkosiada62@soundcloud.com,false,11/9/2024
220,Westley,wanning63@friendfeed.com,true,5/7/2024
221,Sayer,sitzhayek64@cdbaby.com,true,10/11/2024
222,Ernesto,egilliatt65@vimeo.com,true,2/26/2025
223,Gypsy,gskellon66@google.com,false,11/17/2024
224,Trudy,tmacewan67@weather.com,false,7/25/2024
225,Eleanor,escarff68@cloudflare.com,false,7/11/2024
226,Tull,tgiovannacci69@tumblr.com,true,3/24/2025
227,Vannie,vmocher6a@va.gov,false,11/15/2024
228,Dimitry,ddavidy6b@seesaa.net,false,12/24/2024
229,Ulla,ubeattie6c@bigcartel.com,true,6/8/2024
230,Camilla,cdelmonte6d@amazon.co.jp,true,4/20/2024
231,Rudolf,rmusgrave6e@oakley.com,true,11/21/2024
232,Tiffani,tschofield6f@skype.com,true,4/4/2025
233,Cassie,csuttell6g@lulu.com,false,8/10/2024
234,Madlen,mdoxey6h@nhs.uk,true,5/24/2024
235,Starr,sdoohey6i@businessweek.com,false,10/19/2024
236,Brade,bcodner6j@hugedomains.com,true,4/24/2024
237,Llewellyn,lcourvert6k@live.com,false,11/13/2024
238,Bevon,bleathers6l@usatoday.com,false,3/22/2025
239,Sydelle,syerrell6m@aol.com,true,10/11/2024
240,Fannie,fsimmons6n@accuweather.com,false,7/25/2024
241,Hester,hmarrill6o@independent.co.uk,false,5/22/2024
242,Patricio,ptidy6p@rakuten.co.jp,false,7/17/2024
243,Oona,opersitt6q@gnu.org,false,12/7/2024
244,Marion,mdumingo6r@is.gd,false,8/8/2024
245,Bernita,bcastaner6s@smugmug.com,true,8/15/2024
246,Modestia,mdimanche6t@nifty.com,false,10/29/2024
247,Price,pbellanger6u@psu.edu,true,2/19/2025
248,Josepha,jmacsharry6v@friendfeed.com,true,5/21/2024
249,Ilise,icorden6w@tuttocitta.it,true,10/13/2024
250,Waldon,wmountlow6x@mediafire.com,false,4/12/2024
251,Ly,lhollyman6y@berkeley.edu,true,8/13/2024
252,Lefty,lcurtayne6z@github.io,false,2/22/2025
253,Nicholle,nfrigot70@stanford.edu,false,10/21/2024
254,Brana,belnough71@oracle.com,false,6/24/2024
255,Wayland,wginnaly72@cnet.com,false,11/4/2024
256,Kelli,kmcneil73@deviantart.com,true,11/21/2024
257,Lucita,llaird74@bloglines.com,true,9/23/2024
258,Malvina,mwollers75@dell.com,false,2/14/2025
259,Chrisy,cfassam76@rambler.ru,true,6/24/2024
260,Carlo,cverrell77@w3.org,true,2/15/2025
261,Augustin,amordanti78@macromedia.com,false,5/4/2024
262,Ernest,ehartnup79@github.com,true,11/2/2024
263,Fran,fkiehne7a@aboutads.info,true,1/18/2025
264,Regan,rsaltwell7b@naver.com,false,11/24/2024
265,Brigit,bgeering7c@home.pl,false,11/21/2024
266,Celestia,chobson7d@mediafire.com,false,11/21/2024
267,Ysabel,ycharrett7e@blogger.com,false,8/1/2024
268,Lilllie,lcamplejohn7f@auda.org.au,false,5/23/2024
269,Hillier,hbernaert7g@chron.com,false,3/22/2025
270,Maury,mpardew7h@statcounter.com,true,4/4/2025
271,Knox,kcrichley7i@infoseek.co.jp,true,4/5/2025
272,Elbertina,eashlin7j@dedecms.com,false,10/6/2024
273,Brittaney,bhalburton7k@jalbum.net,true,7/15/2024
274,Gael,gsrawley7l@chicagotribune.com,true,8/16/2024
275,Donall,dmatsell7m@imageshack.us,true,6/19/2024
276,Heloise,hheers7n@slideshare.net,false,10/29/2024
277,Marie,myakolev7o@goo.gl,false,6/6/2024
278,Marybeth,mpiotr7p@squarespace.com,true,10/6/2024
279,Archibald,atomkies7q@huffingtonpost.com,true,5/13/2024
280,Eadie,ehenrych7r@chicagotribune.com,false,12/14/2024
281,Arnaldo,aference7s@addthis.com,false,6/7/2024
282,Amil,amurley7t@fema.gov,true,2/22/2025
283,Tyson,tkeble7u@desdev.cn,true,9/14/2024
284,Annadiana,alusher7v@ted.com,false,2/27/2025
285,Gunar,gjenks7w@usnews.com,true,2/22/2025
286,Dave,dmilmoe7x@cnet.com,false,8/9/2024
287,Bary,bmenis7y@cnet.com,false,2/21/2025
288,Casper,coventon7z@webeden.co.uk,true,7/31/2024
289,Iormina,ibetts80@ftc.gov,true,7/13/2024
290,Dominik,dpunch81@dyndns.org,false,2/16/2025
291,Shelba,sbeteriss82@furl.net,false,10/9/2024
292,Drusi,dclint83@ted.com,false,8/18/2024
293,Valaree,vdommersen84@nyu.edu,true,3/3/2025
294,Feliza,fverriour85@ebay.co.uk,true,10/13/2024
295,Jada,jducket86@simplemachines.org,true,5/3/2024
296,Gill,gpickton87@microsoft.com,true,1/19/2025
297,Marna,mlawrenz88@cam.ac.uk,true,12/1/2024
298,Lotte,lcanfer89@netvibes.com,false,2/19/2025
299,Carolyn,cclousley8a@quantcast.com,false,2/19/2025
300,Cyndia,cmenier8b@topsy.com,false,2/20/2025
301,Cecil,criley8c@last.fm,false,2/2/2025
302,Arliene,agirke8d@hhs.gov,false,3/4/2025
303,Elana,egoldes8e@joomla.org,false,4/16/2024
304,Sara,scopley8f@infoseek.co.jp,true,11/14/2024
305,Ida,ipowton8g@skype.com,false,2/5/2025
306,Harley,hjindracek8h@nationalgeographic.com,true,5/13/2024
307,Dorisa,dbarkley8i@google.co.jp,false,9/21/2024
308,Avrit,atregenna8j@sitemeter.com,true,3/3/2025
309,Rebecka,rpenylton8k@elpais.com,false,2/14/2025
310,Malinde,mfeatherstone8l@gnu.org,false,9/22/2024
311,Vin,vbaltrushaitis8m@g.co,false,3/30/2025
312,Danna,dcyson8n@wikimedia.org,false,9/5/2024
313,Rivi,rcardenoza8o@illinois.edu,true,11/28/2024
314,Wendeline,wmatthieson8p@home.pl,false,11/18/2024
315,Teodoor,tferrarini8q@cnet.com,false,12/10/2024
316,Lidia,lgianinotti8r@amazon.de,true,12/23/2024
317,Jacqueline,jvotier8s@yelp.com,true,10/1/2024
318,Emmet,etisor8t@liveinternet.ru,true,5/23/2024
319,Tuckie,tfilppetti8u@ed.gov,true,9/18/2024
320,Joanne,jwilfinger8v@ucoz.ru,true,7/30/2024
321,Josefina,jtayspell8w@desdev.cn,true,3/30/2025
322,Billye,ballans8x@cmu.edu,false,8/13/2024
323,Evelin,ewidmoor8y@reference.com,false,8/25/2024
324,Agosto,ashawcross8z@google.es,true,11/17/2024
325,Ethelyn,eoffer90@noaa.gov,true,9/6/2024
326,Rosette,rgimeno91@discovery.com,false,3/12/2025
327,Frank,fdolle92@salon.com,false,8/6/2024
328,Elayne,eoury93@i2i.jp,true,10/28/2024
329,Patrizia,pgoodall94@amazon.co.jp,false,1/19/2025
330,Vere,vyerborn95@washingtonpost.com,false,8/1/2024
331,Haywood,hharkins96@over-blog.com,true,5/25/2024
332,Melisent,mwoolvin97@cdbaby.com,true,1/12/2025
333,Kerry,kthorn98@merriam-webster.com,true,8/28/2024
334,Belle,bfairburn99@home.pl,true,6/27/2024
335,Yetty,yohrtmann9a@nbcnews.com,false,10/9/2024
336,Krispin,kmaccard9b@dropbox.com,false,5/10/2024
337,Steffen,sspatoni9c@bing.com,false,8/24/2024
338,Lavinie,lmacterlagh9d@wired.com,true,3/5/2025
339,Bronny,bskamell9e@salon.com,false,12/9/2024
340,Myrwyn,mlevecque9f@loc.gov,false,12/21/2024
341,Faydra,fwildes9g@livejournal.com,true,4/10/2024
342,Shoshanna,sgeer9h@taobao.com,true,12/15/2024
343,Nicolle,nmidlar9i@ox.ac.uk,true,8/2/2024
344,Jayne,jcuredale9j@mashable.com,true,12/16/2024
345,Dmitri,dcorain9k@cdbaby.com,false,9/3/2024
346,Sibilla,skenworthey9l@shutterfly.com,false,3/12/2025
347,Ashbey,adon9m@live.com,true,12/10/2024
348,Heda,hmollin9n@cam.ac.uk,true,5/1/2024
349,Alyce,amctavy9o@cam.ac.uk,false,5/22/2024
350,Tibold,tadamo9p@meetup.com,true,5/16/2024
351,Sarah,splowright9q@bloglines.com,true,8/25/2024
352,Ceil,ckirckman9r@ibm.com,true,6/26/2024
353,Briggs,bgoodlet9s@dedecms.com,false,6/7/2024
354,Ree,rselburn9t@angelfire.com,false,10/4/2024
355,Kathie,kmalicki9u@springer.com,true,8/11/2024
356,Egor,eflucker9v@slashdot.org,true,4/20/2024
357,Baxy,bshankland9w@forbes.com,false,1/13/2025
358,Dyane,dmowling9x@japanpost.jp,true,7/3/2024
359,Patsy,pcleiment9y@jiathis.com,true,2/28/2025
360,Gwennie,gfadden9z@usa.gov,true,4/4/2025
361,Kristal,kdalesioa0@bluehost.com,true,5/10/2024
362,Kaiser,kkardosa1@plala.or.jp,true,7/22/2024
363,Selma,slynskeya2@pbs.org,false,2/8/2025
364,Leelah,lellpha3@rambler.ru,true,12/24/2024
365,Shelby,scoldbatha4@google.es,false,6/5/2024
366,Felicdad,fangeaua5@msu.edu,true,5/4/2024
367,Joell,jmccombea6@globo.com,true,5/20/2024
368,Florie,fmarzelea7@mlb.com,true,4/4/2025
369,Kym,klemana8@sourceforge.net,true,12/12/2024
370,Andre,ajendrysa9@e-recht24.de,true,12/3/2024
371,Kristofer,kbalcersaa@moonfruit.com,false,4/6/2024
372,Ruddie,rartisab@booking.com,false,5/15/2024
373,Bondon,bbenezeitac@google.es,false,4/23/2024
374,Sean,sbambraad@domainmarket.com,false,12/26/2024
375,Marlowe,mmaesae@wp.com,true,6/7/2024
376,Correy,cpoutressaf@bluehost.com,true,12/24/2024
377,Garik,gromerilag@yahoo.com,false,5/8/2024
378,Alexandre,atrollopeah@mashable.com,false,3/18/2025
379,Goldi,ghuxtableai@symantec.com,false,10/29/2024
380,Marjorie,mboundsaj@theglobeandmail.com,false,12/20/2024
381,Lorne,lmargaritelliak@feedburner.com,false,8/22/2024
382,Lainey,llaital@forbes.com,true,12/10/2024
383,Angus,aguerrieram@npr.org,true,4/11/2024
384,Paloma,ptrelevenan@typepad.com,false,10/23/2024
385,Kathe,kklasao@reverbnation.com,true,5/29/2024
386,Fidela,fkroutap@va.gov,true,1/24/2025
387,Rakel,rfockeaq@google.com.hk,true,11/9/2024
388,Mickie,mmortlockar@intel.com,false,1/23/2025
389,Devlin,dmessomas@meetup.com,true,10/20/2024
390,Maridel,mfairburnat@ycombinator.com,true,8/30/2024
391,Reiko,rbuxamau@cargocollective.com,false,1/8/2025
392,Codie,cgabitsav@paypal.com,true,3/6/2025
393,Vanya,vtroupaw@altervista.org,true,7/9/2024
394,Barnett,bopferax@youtube.com,false,4/8/2024
395,Tilda,tseedmanay@pbs.org,false,8/5/2024
396,Miller,mweatherellaz@goodreads.com,true,10/14/2024
397,Marie-ann,mdangelob0@ft.com,false,4/21/2024
398,Ailis,ainkinb1@cbc.ca,true,12/18/2024
399,Jany,jsharnockb2@newyorker.com,true,1/27/2025
400,Kent,kcollinwoodb3@nifty.com,true,3/24/2025
401,Mallorie,mpryceb4@cbslocal.com,true,7/1/2024
402,Roana,rscamadineb5@tripadvisor.com,false,10/9/2024
403,Lindie,lminardb6@alexa.com,false,7/3/2024
404,Tammie,tbartolommeob7@ucoz.ru,true,7/13/2024
405,Rowen,rayerb8@seattletimes.com,true,10/19/2024
406,Rivy,rmantripb9@netscape.com,true,10/17/2024
407,Mickie,molenikovba@miitbeian.gov.cn,true,7/17/2024
408,Becki,bantrobusbb@marriott.com,true,5/4/2024
409,Diandra,dkingswoodbc@flickr.com,false,12/9/2024
410,Eleanore,ejilesbd@sciencedaily.com,true,3/28/2025
411,Marne,msurguinebe@stumbleupon.com,true,11/16/2024
412,Rafe,rmalimbf@themeforest.net,false,10/18/2024
413,Allyson,ataylotbg@constantcontact.com,true,7/4/2024
414,Golda,gdearsleybh@salon.com,true,12/10/2024
415,Bobbi,bbrodheadbi@trellian.com,false,7/26/2024
416,Gino,gnorthwaybj@state.gov,false,4/9/2024
417,Cassey,cdumbreckbk@dagondesign.com,true,9/27/2024
418,Fredra,fbravenbl@nature.com,true,12/9/2024
419,Brigid,bwinsomebm@rambler.ru,false,10/9/2024
420,Greer,gsamworthbn@apache.org,true,9/23/2024
421,Roanna,rfairneybo@cornell.edu,false,6/6/2024
422,Adina,areaderbp@furl.net,false,11/7/2024
423,La verne,lsantobq@zdnet.com,true,6/23/2024
424,Nona,nmcsaulbr@amazonaws.com,false,1/5/2025
425,Gretal,gfulbrookbs@princeton.edu,true,5/22/2024
426,Miquela,mrathmellbt@phpbb.com,true,11/15/2024
427,Cinderella,crushforthbu@elegantthemes.com,true,9/1/2024
428,Anders,akaradzasbv@tripadvisor.com,true,6/15/2024
429,Bartram,bburtwellbw@mail.ru,true,5/10/2024
430,Felecia,fduchanbx@topsy.com,false,5/28/2024
431,Dredi,dherriesby@youku.com,true,8/14/2024
432,Hoyt,hcappelbz@wordpress.com,true,6/23/2024
433,Lenora,ltantic0@virginia.edu,false,11/15/2024
434,Lucius,ldubarryc1@nyu.edu,false,2/9/2025
435,Amelie,avoakc2@nih.gov,true,3/29/2025
436,Byron,bpiersonc3@miibeian.gov.cn,true,5/3/2024
437,Charity,cscogingsc4@pagesperso-orange.fr,false,7/8/2024
438,Mariejeanne,mdmitrc5@networkadvertising.org,true,12/4/2024
439,Kassia,khovendenc6@ebay.com,true,5/23/2024
440,Josi,jsiblyc7@xing.com,false,1/24/2025
441,Rickert,reisikowitchc8@live.com,true,7/8/2024
442,Janis,jpascoec9@youku.com,false,11/17/2024
443,Edith,emacshirrieca@netlog.com,true,11/21/2024
444,Maxie,mspatacb@rediff.com,true,1/5/2025
445,Jacques,jberkcc@senate.gov,false,7/21/2024
446,Clint,cwhitmancd@xing.com,false,9/8/2024
447,Christabel,cupsalece@is.gd,true,4/5/2025
448,Eleanore,egoldingaycf@sphinn.com,true,8/15/2024
449,Buck,bcheercg@toplist.cz,true,6/24/2024
450,Olvan,otipensch@berkeley.edu,false,6/14/2024
451,Khalil,kcovolinici@vinaora.com,false,12/14/2024
452,Robenia,rerreycj@ucoz.ru,false,8/9/2024
453,Myrtie,mpiatkowskick@java.com,true,5/27/2024
454,Jenda,jdelgardocl@hubpages.com,true,11/16/2024
455,Stanton,scarnachencm@miitbeian.gov.cn,false,2/7/2025
456,Ernie,efallscn@salon.com,false,9/9/2024
457,Candi,cwatmoughco@networksolutions.com,true,3/31/2025
458,Mattie,mslocombecp@auda.org.au,true,12/8/2024
459,Anne,avawtoncq@360.cn,false,5/13/2024
460,Zolly,zwheadoncr@guardian.co.uk,false,1/17/2025
461,Salli,sboysecs@gov.uk,true,7/19/2024
462,Livvyy,lfeighneyct@yahoo.co.jp,true,7/17/2024
463,Cathrine,cwellmancu@google.it,true,6/4/2024
464,Stella,slanmeidcv@marketwatch.com,true,6/20/2024
465,Delora,dcauliercw@bbc.co.uk,false,12/28/2024
466,Hali,hnancekivellcx@si.edu,false,1/16/2025
467,Zara,zcromleholmecy@blogs.com,true,3/1/2025
468,Gwendolen,gmcaviycz@tinyurl.com,false,6/25/2024
469,Devonne,dpoundd0@printfriendly.com,true,5/25/2024
470,Verla,vgoringd1@cpanel.net,false,11/17/2024
471,Ave,adeftied2@redcross.org,false,3/7/2025
472,Sanson,szuponed3@latimes.com,false,12/3/2024
473,Marybeth,mrickerseyd4@phpbb.com,false,4/7/2024
474,Sarette,scasillisd5@va.gov,false,10/21/2024
475,Rubina,rgatsbyd6@ask.com,false,3/22/2025
476,Pedro,pgilleand7@edublogs.org,true,11/15/2024
477,Arluene,acarillod8@reuters.com,true,4/12/2024
478,Emlynn,emctrustyd9@reference.com,true,3/2/2025
479,Ricca,rsproulda@imgur.com,true,5/10/2024
480,Hector,htroweldb@hibu.com,true,7/9/2024
481,Mozes,mtatchelldc@tmall.com,false,6/18/2024
482,Belia,bohallorandd@si.edu,true,5/4/2024
483,Dukie,dcregeende@liveinternet.ru,false,7/11/2024
484,Nikaniki,nkitchinghandf@wikia.com,true,1/17/2025
485,Ortensia,odabrowskidg@marketwatch.com,false,12/29/2024
486,Helsa,hbroaddh@si.edu,false,1/21/2025
487,Dione,dgiovannardidi@chronoengine.com,false,5/31/2024
488,Antin,ablitzdj@github.com,true,12/23/2024
489,Ruperto,rcolreindk@nbcnews.com,false,6/13/2024
490,Leila,lgratlanddl@xrea.com,false,10/30/2024
491,Melany,mschabendm@nymag.com,false,9/5/2024
492,Fanni,fmcgeneaydn@godaddy.com,true,1/1/2025
493,Ivie,iciottido@parallels.com,false,12/20/2024
494,Gus,gcornesdp@163.com,true,10/8/2024
495,Dorri,dharkinsdq@psu.edu,true,4/17/2024
496,Jasun,jhuncotedr@webmd.com,true,8/30/2024
497,Calvin,challowesds@mapquest.com,false,9/29/2024
498,Glyn,gbaggedt@sbwire.com,true,4/8/2024
499,Jenelle,jaggliodu@delicious.com,false,1/12/2025
500,Dorie,dsonleydv@ezinearticles.com,true,5/1/2024
501,Retha,radamskidw@thetimes.co.uk,true,11/12/2024
502,Lura,lbulmerdx@mtv.com,false,6/8/2024
503,Chloris,cgillyattdy@freewebs.com,true,1/5/2025
504,Cherie,cwyredz@hubpages.com,true,8/31/2024
505,Robinett,rcradye0@chron.com,false,10/13/2024
506,Darlleen,ddegge1@123-reg.co.uk,false,9/29/2024
507,Neville,nfaussete2@live.com,true,5/19/2024
508,Arliene,ashowelle3@reverbnation.com,true,7/3/2024
509,Spike,smckenziee4@jugem.jp,true,11/20/2024
510,Lina,lschnittere5@intel.com,true,1/15/2025
511,Del,dgreenmane6@t-online.de,false,11/17/2024
512,Erik,edirande7@ebay.co.uk,true,2/3/2025
513,Jerrold,jtebbee8@sfgate.com,true,4/12/2024
514,Aguie,amustille9@nbcnews.com,true,11/7/2024
515,Betteanne,bmaccagueea@nba.com,true,12/15/2024
516,Ilaire,icadremaneb@shinystat.com,false,9/30/2024
517,Nicoline,nwriterec@blogtalkradio.com,false,8/21/2024
518,Bobbie,bsailed@wix.com,true,9/2/2024
519,Quent,qjagsonee@clickbank.net,true,2/6/2025
520,Allen,atomasuttief@mlb.com,true,10/30/2024
521,Gene,gbellaseg@theglobeandmail.com,false,12/30/2024
522,Pearle,pbighameh@creativecommons.org,true,3/25/2025
523,Adrien,aohagirtieei@economist.com,false,4/14/2024
524,Rey,raureliusej@wufoo.com,true,6/5/2024
525,Vic,vlawleeek@zimbio.com,false,10/17/2024
526,Clemens,cerbeel@studiopress.com,true,1/31/2025
527,Shayla,skermittem@creativecommons.org,false,7/8/2024
528,Paton,patwellen@reuters.com,false,11/28/2024
529,Erl,eknivetteo@ezinearticles.com,true,2/8/2025
530,Ealasaid,eduhamep@istockphoto.com,false,10/27/2024
531,Nikos,nkarpfeq@ebay.co.uk,false,4/3/2025
532,Fredrick,fodcrofter@house.gov,true,4/25/2024
533,Mandy,msteeres@imdb.com,false,8/9/2024
534,Livvy,lpadgintonet@chron.com,true,11/25/2024
535,Samantha,scutbusheu@devhub.com,true,10/4/2024
536,Othello,ogruszeckiev@intel.com,true,3/18/2025
537,Antoine,amcloughlinew@sourceforge.net,true,9/7/2024
538,Obadiah,obuntinex@wunderground.com,false,5/22/2024
539,Innis,iwhittersey@dmoz.org,false,9/24/2024
540,Fernando,fgordongilesez@bravesites.com,false,12/4/2024
541,Wayland,wkampshellf0@irs.gov,true,2/26/2025
542,Ammamaria,ahammerbergerf1@technorati.com,true,3/24/2025
543,Aymer,amacounf2@freewebs.com,false,6/24/2024
544,Gerhardine,gaucoatef3@mapy.cz,true,3/24/2025
545,Kenon,ksauvainf4@homestead.com,false,1/27/2025
546,Cornall,ckauschkef5@oracle.com,false,7/16/2024
547,Mattheus,mdrancef6@simplemachines.org,true,4/10/2024
548,Natasha,nestevezf7@technorati.com,false,10/10/2024
549,Phaidra,ptrodlerf8@webs.com,false,7/18/2024
550,Dorthy,dminettf9@bluehost.com,false,5/3/2024
551,Rosalinda,rdyerfa@youku.com,true,1/5/2025
552,Florinda,fkalbfb@dell.com,false,8/13/2024
553,Millie,mdwyrfc@yelp.com,true,2/14/2025
554,Dwayne,dendrizzifd@exblog.jp,true,9/11/2024
555,Midge,mduryfe@tuttocitta.it,false,10/20/2024
556,Ennis,emickanff@msn.com,true,10/16/2024
557,Matthiew,milsonfg@de.vu,true,8/29/2024
558,Hashim,hmearnsfh@shareasale.com,true,7/20/2024
559,Zack,zhansardfi@mtv.com,false,5/17/2024
560,Arley,akightlyfj@macromedia.com,true,5/29/2024
561,Cynthie,crawdallfk@shutterfly.com,true,2/13/2025
562,Cazzie,cbielfeltfl@cdbaby.com,true,1/10/2025
563,Bartram,bnarefm@youtube.com,false,6/9/2024
564,Arny,afisbyfn@timesonline.co.uk,false,11/27/2024
565,Valentina,vsorensenfo@flavors.me,true,5/13/2024
566,Edithe,efilpifp@cyberchimps.com,true,8/22/2024
567,Leanna,lskillettfq@cnet.com,true,5/23/2024
568,Rory,rbridgnellfr@samsung.com,true,4/5/2025
569,Alexi,agledefs@webnode.com,true,9/30/2024
570,Jolyn,jbastickft@naver.com,false,9/24/2024
571,Bird,bsedgemondfu@google.ca,true,11/25/2024
572,Kissee,kpurdonfv@gov.uk,false,10/30/2024
573,Ashley,aforbesfw@patch.com,false,10/19/2024
574,Aurelie,atownefx@slideshare.net,false,12/31/2024
575,Jaine,jwhillockfy@apache.org,true,10/25/2024
576,Dunn,dheitonfz@eventbrite.com,true,3/4/2025
577,Cissy,cdossettg0@cbslocal.com,false,9/18/2024
578,Dell,dmaclleeseg1@google.com.au,false,9/14/2024
579,Marigold,mbrearleyg2@virginia.edu,true,5/15/2024
580,Gregoire,gpethickg3@apple.com,true,5/19/2024
581,Boigie,bfarnyg4@china.com.cn,true,6/26/2024
582,Moria,mcastellag5@homestead.com,false,6/30/2024
583,Vally,vchalcraftg6@paginegialle.it,false,4/18/2024
584,Jorey,jsaxtong7@timesonline.co.uk,true,10/24/2024
585,Dona,dkeirg8@yale.edu,true,8/18/2024
586,Donella,dfaddeng9@hc360.com,false,9/19/2024
587,Wallie,wgullifantga@mediafire.com,false,10/7/2024
588,Wallie,wjenckesgb@constantcontact.com,false,2/8/2025
589,Liv,lcradickgc@usgs.gov,true,3/11/2025
590,Camala,cbrattgd@apple.com,true,5/31/2024
591,Genevra,gwankge@cbslocal.com,true,5/25/2024
592,Raff,rmonardgf@ted.com,false,8/31/2024
593,Roshelle,rheineckegg@state.gov,true,1/9/2025
594,Traver,targogh@tmall.com,true,4/6/2024
595,Priscilla,pstrachangi@shutterfly.com,false,4/1/2025
596,Beryle,bstevengj@slate.com,false,6/13/2024
597,Ivette,isymonesgk@china.com.cn,true,8/19/2024
598,Kahaleel,kbockgl@wisc.edu,true,8/19/2024
599,Homer,hingallgm@zimbio.com,true,2/7/2025
600,Andria,atrustygn@t.co,false,11/16/2024
601,Viva,vlepagego@tuttocitta.it,true,7/8/2024
602,Arie,apietrasikgp@vimeo.com,false,11/10/2024
603,Elliott,eskenegq@livejournal.com,true,3/24/2025
604,Francklin,fglasscoegr@constantcontact.com,false,3/29/2025
605,Ardys,astroobantgs@quantcast.com,true,12/15/2024
606,Arielle,ajazegt@indiatimes.com,false,10/14/2024
607,Vivienne,vchampiongu@tamu.edu,true,10/4/2024
608,Jacquenetta,jguessgv@guardian.co.uk,false,5/15/2024
609,Dorelle,despinosagw@clickbank.net,false,10/9/2024
610,Birgitta,bgranthamgx@buzzfeed.com,false,6/17/2024
611,Ursula,ukesbygy@huffingtonpost.com,true,5/14/2024
612,Shannah,sexleygz@microsoft.com,true,1/16/2025
613,Rozele,rgregh0@vimeo.com,false,6/6/2024
614,Nollie,nlomish1@cdbaby.com,false,6/7/2024
615,Stormie,scurrinh2@ted.com,false,8/26/2024
616,Conroy,crawsonh3@timesonline.co.uk,false,5/1/2024
617,Jacintha,jwraggh4@reddit.com,true,10/12/2024
618,Twila,tivankovich5@usgs.gov,false,3/22/2025
619,Cathy,cdimondh6@sphinn.com,true,11/15/2024
620,Terrel,tgherardih7@infoseek.co.jp,true,3/9/2025
621,Yelena,ycruceh8@1und1.de,false,9/1/2024
622,Lu,loppieh9@elpais.com,true,1/2/2025
623,Lanae,lwestphalha@skype.com,true,2/7/2025
624,Nanette,ndunbobbinhb@4shared.com,true,7/22/2024
625,Constantine,cmorkhamhc@si.edu,false,6/21/2024
626,Homer,hcouroyhd@github.com,false,1/1/2025
627,Livy,ltuddenhamhe@about.me,false,8/8/2024
628,Curran,ctregearhf@liveinternet.ru,true,10/7/2024
629,Dallis,dsharkhg@icq.com,false,11/12/2024
630,Nicky,nocullinanehh@edublogs.org,true,2/3/2025
631,Kandy,kjakubskihi@bloomberg.com,false,6/13/2024
632,Helen-elizabeth,hdeminicohj@ucla.edu,true,11/29/2024
633,Dusty,dkahanhk@sciencedirect.com,true,9/10/2024
634,Sal,sperlhl@flickr.com,true,8/24/2024
635,Allys,aramelethm@hexun.com,true,5/15/2024
636,Davide,dstarthn@wordpress.org,true,10/31/2024
637,Christalle,crayeho@nature.com,true,9/20/2024
638,Eimile,epetruschhp@meetup.com,false,1/22/2025
639,De,dgerauldhq@psu.edu,true,12/26/2024
640,Marlane,mkunerthr@eepurl.com,true,11/6/2024
641,Gay,gsouthousehs@kickstarter.com,false,11/29/2024
642,Solly,sdowberht@addtoany.com,false,12/24/2024
643,Andriette,acornewhu@merriam-webster.com,true,2/16/2025
644,Dewitt,dcrebotthv@cyberchimps.com,true,9/22/2024
645,Reinhard,rtheunissenhw@joomla.org,true,8/26/2024
646,Porter,plepinehx@china.com.cn,false,2/19/2025
647,Alaine,afalkoushy@t-online.de,true,10/8/2024
648,Joe,jallonhz@webeden.co.uk,false,7/23/2024
649,Gordy,gslarki0@apple.com,true,3/7/2025
650,Carla,cworvelli1@sina.com.cn,true,1/2/2025
651,Elysee,ebottomsi2@newyorker.com,true,7/31/2024
652,Tom,twieprechti3@usda.gov,true,2/28/2025
653,Stephani,smcdonoughi4@senate.gov,true,4/10/2024
654,Devi,dpottingeri5@purevolume.com,true,10/21/2024
655,Dex,dchomiczi6@soup.io,false,11/15/2024
656,Carlota,ckleinholzi7@freewebs.com,false,6/27/2024
657,Galvan,ghollingsbyi8@yahoo.co.jp,true,4/9/2024
658,Brennan,baceyi9@ebay.co.uk,true,11/1/2024
659,Patrizius,phatchmania@sourceforge.net,true,2/17/2025
660,Valentine,vresideib@mysql.com,true,9/30/2024
661,Darill,dscarthic@techcrunch.com,true,3/8/2025
662,Kara-lynn,kpetigrewid@arstechnica.com,true,11/21/2024
663,Jeddy,jhughlinie@deliciousdays.com,true,7/16/2024
664,Simon,scordingleyif@adobe.com,true,12/1/2024
665,Marti,mhammanig@xinhuanet.com,true,4/5/2025
666,Flor,fbennieih@sourceforge.net,false,11/4/2024
667,Elwira,ericardii@imageshack.us,false,1/3/2025
668,Lillis,ltwitchingij@google.com,false,12/26/2024
669,Petronille,pconmanik@cocolog-nifty.com,false,3/17/2025
670,Rhonda,rrichteril@foxnews.com,false,12/1/2024
671,Umberto,uluesleyim@hatena.ne.jp,true,3/16/2025
672,Sallyanne,sghidelliin@hhs.gov,false,7/17/2024
673,Audi,akestleio@w3.org,true,7/20/2024
674,Asia,ahawkwoodip@mail.ru,false,10/7/2024
675,Burtie,bcarrettiq@kickstarter.com,true,3/20/2025
676,Conn,cbalwinir@printfriendly.com,true,8/10/2024
677,Rossie,rwillimontis@nydailynews.com,false,2/23/2025
678,Dodi,dkrollmanit@reuters.com,true,5/14/2024
679,Phillida,pjestiu@t.co,false,4/6/2024
680,Gayla,gblacksteriv@amazon.de,true,11/28/2024
681,Alta,aleekiw@merriam-webster.com,true,6/14/2024
682,Herb,hrhoadesix@fda.gov,true,11/9/2024
683,Dixie,ddecarloiy@upenn.edu,false,2/27/2025
684,Kalle,ktasseliz@networkadvertising.org,true,3/14/2025
685,Cornell,cjuppej0@spiegel.de,true,11/30/2024
686,Dorelia,dswanniej1@issuu.com,true,7/9/2024
687,Harald,hpeckhamj2@google.com,true,6/22/2024
688,Andros,ahuertasj3@over-blog.com,true,12/29/2024
689,Lorettalorna,lberndsenj4@yolasite.com,true,4/15/2024
690,Ailis,aboissierj5@tripod.com,false,1/25/2025
691,Darbie,dstubbinj6@loc.gov,false,4/22/2024
692,Joleen,jjaskowiczj7@live.com,true,9/9/2024
693,Lemmy,lcatonnetj8@cafepress.com,true,1/10/2025
694,Paddy,ptabardj9@dell.com,false,12/31/2024
695,Nicoli,nhaxbieja@meetup.com,true,11/24/2024
696,Jesse,jguillotonjb@wikipedia.org,false,12/3/2024
697,Benedikt,bkopecjc@blogger.com,false,9/20/2024
698,Baillie,bobingtonjd@addthis.com,false,4/2/2025
699,Estell,ereynishje@behance.net,true,10/10/2024
700,Matteo,mumneyjf@163.com,false,2/21/2025
701,Gilbertine,gmccolejg@seesaa.net,false,3/4/2025
702,Edan,egaddesjh@blogger.com,false,7/21/2024
703,Jazmin,jallsopji@irs.gov,false,12/30/2024
704,Sonnie,shumphriesjj@ask.com,false,3/21/2025
705,Sabrina,ssmyliejk@cisco.com,true,2/22/2025
706,Geoff,gdezamudiojl@ning.com,false,10/28/2024
707,Jobye,jschurckejm@apple.com,true,12/31/2024
708,Chevy,civanikhinjn@nature.com,true,12/19/2024
709,Susette,sbearhamjo@shinystat.com,true,8/8/2024
710,Ambrosius,abuneyjp@simplemachines.org,true,12/29/2024
711,Jeane,jivanikovjq@nyu.edu,true,8/13/2024
712,Clemmy,chedgejr@opera.com,true,1/7/2025
713,Rori,rluciusjs@springer.com,true,11/17/2024
714,Noelyn,nfawloejt@jigsy.com,true,6/10/2024
715,Jaye,jcraythornju@dailymail.co.uk,false,12/17/2024
716,Rosco,rlepoidevinjv@indiatimes.com,true,1/4/2025
717,Worth,wballchinjw@army.mil,false,9/29/2024
718,Allie,atregennajx@alibaba.com,false,7/5/2024
719,Shawn,ssimukovjy@blinklist.com,true,11/10/2024
720,Lambert,lcallabyjz@networkadvertising.org,false,8/17/2024
721,Sollie,sskunek0@lulu.com,false,12/30/2024
722,Hertha,hbellwoodk1@hubpages.com,true,3/4/2025
723,Leora,lcammishk2@senate.gov,true,7/25/2024
724,Maury,mtudork3@yelp.com,false,7/26/2024
725,Abigail,ahassentk4@ycombinator.com,true,10/23/2024
726,Nataline,nkristofk5@eventbrite.com,false,8/2/2024
727,Joanna,jaronowiczk6@hhs.gov,false,9/17/2024
728,Ario,adenmeadk7@livejournal.com,false,8/12/2024
729,Omar,oabrahamoffk8@weebly.com,true,5/28/2024
730,Laurence,lmcenenyk9@eepurl.com,false,6/4/2024
731,Geoff,gfieldstoneka@google.ca,false,2/27/2025
732,Rebekkah,rdibiasikb@mtv.com,false,3/7/2025
733,Cam,cgogertykc@tinyurl.com,true,2/9/2025
734,Filippo,fmcdellkd@example.com,false,9/25/2024
735,Harry,hmaclaughlinke@amazon.com,false,10/19/2024
736,Sarette,sburdfieldkf@hostgator.com,true,2/11/2025
737,Madalyn,meyckelbergkg@engadget.com,true,10/16/2024
738,Rosalinde,rgannankh@elpais.com,true,10/10/2024
739,Boyd,bblindeki@shinystat.com,true,5/19/2024
740,Darcey,dfahykj@ovh.net,true,4/4/2025
741,Walton,wlodokk@about.com,false,4/20/2024
742,Gabe,gtumbeltykl@xing.com,false,4/20/2024
743,Goldi,ggoschalkkm@google.co.jp,true,7/15/2024
744,Richmound,rdiglekn@ftc.gov,false,9/23/2024
745,Devi,drodgmanko@weather.com,false,11/23/2024
746,Shane,smocklerkp@unicef.org,false,6/10/2024
747,Benjamen,bgathkq@ovh.net,false,12/27/2024
748,Zoe,zariskr@pinterest.com,true,8/27/2024
749,Ange,akornks@yolasite.com,true,1/6/2025
750,Cheryl,csheppardkt@simplemachines.org,true,2/13/2025
751,Cedric,cboundleyku@multiply.com,true,6/19/2024
752,Valeda,vpendrickkv@ifeng.com,true,8/23/2024
753,Fredericka,flipgenskw@yahoo.co.jp,true,5/5/2024
754,Boyd,bkleinhausenkx@usgs.gov,true,1/12/2025
755,Kriste,ksjostromky@oracle.com,false,7/22/2024
756,Binni,bentwistlekz@spiegel.de,false,6/5/2024
757,Willetta,wgassl0@hao123.com,false,1/26/2025
758,Kacie,kcolbeckl1@msu.edu,true,1/18/2025
759,Electra,egasperil2@themeforest.net,false,4/23/2024
760,Jenilee,jdakinl3@51.la,false,3/6/2025
761,Susannah,spearseyl4@blogtalkradio.com,true,10/26/2024
762,Daryle,dbroschekl5@flickr.com,false,4/25/2024
763,Junia,jstrassel6@wsj.com,false,5/18/2024
764,Felipa,frozzelll7@etsy.com,true,6/8/2024
765,Audra,aculpenl8@narod.ru,false,9/26/2024
766,Peterus,psivornl9@yellowpages.com,true,4/26/2024
767,Franchot,ferlamla@sogou.com,false,11/2/2024
768,Willetta,wlangmuirlb@tmall.com,false,11/5/2024
769,Gianni,gwellingtonlc@plala.or.jp,false,7/31/2024
770,Shina,sbarkwayld@omniture.com,false,2/4/2025
771,Carrol,cantonikle@scribd.com,false,6/14/2024
772,Bobinette,bshallolf@hexun.com,false,10/19/2024
773,Rube,rvasilievlg@wunderground.com,false,11/2/2024
774,Katheryn,kfairhalllh@wikia.com,false,10/30/2024
775,Addie,agagieli@pinterest.com,false,11/25/2024
776,Lana,ltolomeilj@ucsd.edu,false,3/11/2025
777,Rici,rdufaurlk@toplist.cz,false,5/26/2024
778,Jessee,jcutbushll@pinterest.com,true,10/31/2024
779,Joleen,jritmeierlm@paypal.com,false,7/14/2024
780,Nertie,ngillbanksln@cafepress.com,true,5/22/2024
781,Joelie,jrawnelo@ed.gov,false,12/21/2024
782,Meta,mdavillelp@angelfire.com,true,5/10/2024
783,Nikola,nbursnelllq@noaa.gov,true,1/30/2025
784,Sheridan,sflorentinelr@smh.com.au,false,5/2/2024
785,Wilie,wmcgilvrayls@mlb.com,false,5/31/2024
786,Devlin,dpakenhamlt@paginegialle.it,true,6/9/2024
787,Bret,bemanuelilu@prlog.org,false,10/26/2024
788,Ileana,ihampshirelv@yellowpages.com,false,8/28/2024
789,Tonie,tdacheylw@hugedomains.com,true,6/28/2024
790,Tara,truprechtlx@usnews.com,true,10/2/2024
791,Enrica,ehornungly@istockphoto.com,false,2/18/2025
792,Hendrick,htollerlz@irs.gov,true,1/2/2025
793,Lalo,lpurchasem0@bloomberg.com,false,12/15/2024
794,Roscoe,rcancelierm1@theatlantic.com,true,5/25/2024
795,Saleem,spadfieldm2@list-manage.com,true,7/8/2024
796,Abba,alarwoodm3@over-blog.com,true,6/26/2024
797,Moishe,moxendenm4@army.mil,false,6/6/2024
798,Izak,iguirardm5@constantcontact.com,false,3/13/2025
799,Marcelline,mbendem6@senate.gov,false,8/10/2024
800,Wit,wbintonm7@google.com.hk,false,10/25/2024
801,Susanetta,ssmalecombem8@desdev.cn,true,4/9/2024
802,Cecil,cgerltsm9@princeton.edu,true,9/9/2024
803,Michel,mlomondma@guardian.co.uk,false,2/21/2025
804,Swen,swallworthmb@yandex.ru,false,1/2/2025
805,Errol,ewellsmc@plala.or.jp,false,5/5/2024
806,Sylvester,sdaishmd@whitehouse.gov,false,9/7/2024
807,Cody,cphrippme@pagesperso-orange.fr,false,2/28/2025
808,Thane,tmoramf@goodreads.com,false,4/9/2024
809,Randi,rpeyzermg@sciencedaily.com,true,2/14/2025
810,Lanette,lplastowmh@etsy.com,false,4/7/2024
811,Teriann,tbedinhammi@squidoo.com,false,7/25/2024
812,Kip,khobblemj@soundcloud.com,false,10/29/2024
813,Brit,bpickvancemk@woothemes.com,false,9/6/2024
814,Pete,plydfordml@ustream.tv,false,2/24/2025
815,Rockwell,rkabosmm@yolasite.com,true,3/22/2025
816,Burlie,bleggatemn@usgs.gov,false,1/27/2025
817,Arlin,aswanstonmo@unblog.fr,false,1/6/2025
818,Mollee,mbellefantmp@ustream.tv,true,10/14/2024
819,Susy,sadrainmq@taobao.com,false,6/27/2024
820,Charline,cbellangermr@amazon.co.jp,true,2/21/2025
821,Linoel,lfraniakms@sbwire.com,true,12/4/2024
822,Maddy,mrosenbergmt@vistaprint.com,true,4/3/2025
823,Westbrooke,wburnandmu@furl.net,true,1/22/2025
824,Blinni,bbroddlemv@samsung.com,true,2/10/2025
825,Sibyl,stillemw@bluehost.com,false,6/3/2024
826,Chip,cnapermx@ow.ly,true,6/7/2024
827,Rachel,rvandecastelemy@smugmug.com,false,9/14/2024
828,Zena,znorwoodmz@webnode.com,true,1/15/2025
829,Germaine,gstorchn0@fc2.com,true,7/21/2024
830,Pierrette,pmclellann1@who.int,false,10/5/2024
831,Charissa,cstaytn2@nifty.com,true,9/23/2024
832,Breena,bfebenn3@tuttocitta.it,true,1/18/2025
833,Merrili,moldfieldn4@adobe.com,false,9/4/2024
834,Emmery,erennyn5@cargocollective.com,false,12/20/2024
835,Tabatha,tshakesbyen6@nasa.gov,false,1/29/2025
836,Charis,cknowlesn7@123-reg.co.uk,false,11/23/2024
837,Ken,ksnellingn8@shareasale.com,false,7/8/2024
838,Shawnee,sesomn9@telegraph.co.uk,false,12/18/2024
839,Guss,grhymerna@latimes.com,true,5/29/2024
840,Evangeline,ejanneynb@wordpress.org,true,8/16/2024
841,Giacinta,gtollownc@imageshack.us,true,1/5/2025
842,Niven,nmcclintonnd@java.com,false,11/8/2024
843,Vikky,vbenkone@apple.com,true,4/24/2024
844,Robbert,rclixbynf@princeton.edu,false,7/16/2024
845,Meir,mziemsng@hugedomains.com,false,12/13/2024
846,Yehudi,ylampaertnh@last.fm,false,5/10/2024
847,Ab,alynesni@ca.gov,false,5/2/2024
848,Maximilianus,mtigwellnj@economist.com,false,4/6/2024
849,Taryn,tduckettnk@bloglines.com,false,1/16/2025
850,Cam,ctowsnl@storify.com,false,8/15/2024
851,Bethina,bphaupnm@cbsnews.com,false,2/7/2025
852,Derrek,dberricknn@pinterest.com,false,12/16/2024
853,Clerc,cchestertonno@admin.ch,false,7/15/2024
854,Francesco,fgibbienp@si.edu,false,3/29/2025
855,Marybeth,mvonweldennq@t.co,false,8/12/2024
856,Damiano,dabramovicznr@reuters.com,true,11/12/2024
857,Dolf,dgomesns@forbes.com,false,6/7/2024
858,Jonell,jminettnt@mozilla.org,true,9/14/2024
859,Marcus,mmuirnu@archive.org,false,4/5/2025
860,Bryn,bcorkettnv@google.fr,true,8/10/2024
861,Marylinda,mosbornenw@photobucket.com,true,12/28/2024
862,Shawn,sbaynamnx@bravesites.com,true,2/25/2025
863,Sheffie,shardisonny@dropbox.com,false,3/24/2025
864,Emile,elaiblenz@discovery.com,true,6/7/2024
865,Brose,bmckilroeo0@ucsd.edu,true,4/29/2024
866,Phillis,pcawthrao1@ca.gov,false,3/31/2025
867,Aluino,ahasnneyo2@sfgate.com,true,3/9/2025
868,Gill,glewendono3@free.fr,true,2/7/2025
869,Fredi,fbirdso4@chron.com,true,3/17/2025
870,Junette,jgeero5@walmart.com,false,8/13/2024
871,Matthew,mtripeano6@narod.ru,false,1/22/2025
872,Lou,lhedwortho7@amazonaws.com,false,11/3/2024
873,Percy,phadlingtono8@nps.gov,true,8/20/2024
874,Mercedes,mforto9@cdbaby.com,false,3/31/2025
875,Sheffy,sluskoa@dropbox.com,true,2/9/2025
876,Tandy,tbonifazioob@cam.ac.uk,true,2/1/2025
877,Sayre,sbollandsoc@sciencedirect.com,true,11/19/2024
878,Elizabeth,ebastickod@gmpg.org,true,3/12/2025
879,Linnea,lcullinaneoe@psu.edu,false,7/13/2024
880,Rochette,rcombeof@soup.io,false,3/3/2025
881,Jerrine,jpfifferog@networksolutions.com,false,9/22/2024
882,Maire,mcamberoh@jigsy.com,true,3/21/2025
883,Nollie,ntomblingoi@ft.com,false,12/2/2024
884,Muffin,mworlidgeoj@goo.ne.jp,true,3/28/2025
885,Jessica,jparnabyok@google.com.hk,false,3/18/2025
886,Nanete,nschlaghol@shareasale.com,false,6/22/2024
887,Christoforo,cainsburyom@ftc.gov,true,5/12/2024
888,Selena,smcguckenon@topsy.com,true,9/25/2024
889,Larisa,litzcovichoo@opensource.org,false,10/23/2024
890,Sofie,sreddanop@soup.io,true,12/28/2024
891,Yorker,ywhelptonoq@imageshack.us,false,12/11/2024
892,Claudius,cmaymanor@rediff.com,false,3/4/2025
893,Griz,gstruijsos@qq.com,false,2/6/2025
894,Priscella,ppaullot@nytimes.com,false,6/12/2024
895,Jacobo,jfotherbyou@123-reg.co.uk,true,3/18/2025
896,Terrill,tspiringov@nationalgeographic.com,true,3/18/2025
897,Emelen,emeadenow@opensource.org,false,2/1/2025
898,Alleyn,abrixeyox@amazon.com,true,11/14/2024
899,Athene,aragborneoy@mayoclinic.com,true,9/7/2024
900,Teodorico,tdominicioz@cbsnews.com,true,6/10/2024
901,Adara,ageggp0@chronoengine.com,true,4/22/2024
902,Agosto,aswatridgep1@smugmug.com,false,3/19/2025
903,Estella,eoscandallp2@blogs.com,true,3/15/2025
904,Flint,fwildenp3@a8.net,true,1/15/2025
905,Lilas,lwheeldonp4@instagram.com,true,9/3/2024
906,Clare,cwhearp5@altervista.org,true,8/27/2024
907,Titos,tlenoxp6@histats.com,false,5/11/2024
908,Celia,cjerzykiewiczp7@economist.com,false,11/29/2024
909,Gretel,gjanskyp8@example.com,false,10/25/2024
910,Kimberley,kmelburyp9@mit.edu,true,7/2/2024
911,Huntington,hmcnuffpa@sohu.com,true,9/19/2024
912,Stefan,sburchettpb@samsung.com,false,11/10/2024
913,Tiffany,tgaleypc@multiply.com,true,4/24/2024
914,Waldon,wdenneypd@businesswire.com,true,6/15/2024
915,Timmie,tmapplebeckpe@ow.ly,true,9/22/2024
916,Nananne,nbriamopf@hatena.ne.jp,true,10/20/2024
917,Hilliary,hchipppg@vistaprint.com,true,7/19/2024
918,Arnoldo,agoterph@networkadvertising.org,true,6/24/2024
919,Zara,zvlasyevpi@instagram.com,true,12/24/2024
920,Read,raugustinepj@blogs.com,false,1/4/2025
921,Victor,vholahpk@amazon.co.uk,false,1/18/2025
922,Barb,btreebypl@nature.com,false,5/23/2024
923,Jinny,jlaxepm@fda.gov,true,2/23/2025
924,Jermayne,jhugnetpn@last.fm,false,1/19/2025
925,Alfi,aadanpo@google.nl,false,5/15/2024
926,Mayer,mgethousepp@jiathis.com,true,9/30/2024
927,Gilly,gtolsonpq@globo.com,false,6/3/2024
928,Brendon,bculpinpr@parallels.com,true,5/12/2024
929,Dre,dchevertonps@statcounter.com,false,5/1/2024
930,Lilllie,lsambellspt@ifeng.com,true,2/22/2025
931,Sholom,shayhowpu@webs.com,true,1/26/2025
932,Sollie,skarpmannpv@netlog.com,true,12/2/2024
933,Sher,snewberypw@kickstarter.com,true,10/26/2024
934,Diarmid,dgreavepx@aboutads.info,false,3/2/2025
935,Humfrey,hjosefspy@home.pl,true,5/26/2024
936,Dukie,dbiddlepz@archive.org,true,5/12/2024
937,Ad,aaingelq0@goo.ne.jp,true,3/6/2025
938,Anallese,amaccaullq1@slideshare.net,true,8/19/2024
939,Hana,habbatiniq2@yelp.com,false,12/4/2024
940,Dov,dsielyq3@arstechnica.com,true,8/21/2024
941,Stanford,sharbardq4@fda.gov,false,12/14/2024
942,Stanley,swaggattq5@pen.io,true,2/19/2025
943,Ray,rjedrychq6@google.co.uk,true,10/18/2024
944,Joycelin,jtawseq7@msu.edu,true,9/3/2024
945,Decca,dmorgueq8@xrea.com,false,10/16/2024
946,Iver,iphibbq9@upenn.edu,false,1/17/2025
947,Clywd,cschapiroqa@spotify.com,true,2/4/2025
948,Caesar,cdemitrisqb@xinhuanet.com,false,10/22/2024
949,Valerye,vnoelqc@fema.gov,true,8/21/2024
950,Eward,eriveqd@netvibes.com,true,12/8/2024
951,Jacqueline,jstihlqe@51.la,true,3/12/2025
952,Eveline,elovelessqf@sfgate.com,false,7/4/2024
953,Fernanda,fmabeeqg@adobe.com,false,3/7/2025
954,Lemmy,lbeentjesqh@blogger.com,false,2/4/2025
955,Tamar,tportalqi@cmu.edu,true,5/17/2024
956,Benedikta,baugarqj@craigslist.org,false,6/28/2024
957,Katheryn,kdewdneyqk@sohu.com,false,2/6/2025
958,Waylan,wperrettql@wsj.com,false,3/10/2025
959,Inna,ienderleinqm@ed.gov,true,2/2/2025
960,Mayer,mthirskqn@thetimes.co.uk,true,11/17/2024
961,Mikey,maustingqo@purevolume.com,true,6/17/2024
962,Tammie,tanfossiqp@omniture.com,true,4/2/2025
963,Jarib,jmingetqq@blog.com,false,9/21/2024
964,Hewie,hroylqr@eepurl.com,false,11/27/2024
965,Sammy,sorisqs@ftc.gov,true,8/26/2024
966,Arvie,adarlingqt@indiatimes.com,true,3/1/2025
967,Cindra,cfronzekqu@4shared.com,true,12/2/2024
968,Chrystal,cdarracottqv@instagram.com,false,2/14/2025
969,Othello,ojacmarqw@123-reg.co.uk,false,2/12/2025
970,Darill,dbenzingqx@icio.us,true,5/26/2024
971,Janie,jmartinotqy@pinterest.com,true,3/1/2025
972,Yehudi,ybruteqz@deviantart.com,true,8/4/2024
973,Fan,fthomelr0@studiopress.com,false,11/30/2024
974,Randolph,rkochlinr1@disqus.com,true,5/31/2024
975,Thedrick,tmallionr2@live.com,true,1/22/2025
976,Levin,loattesr3@statcounter.com,true,7/8/2024
977,Rodolph,rstanhoper4@fotki.com,true,3/15/2025
978,Timmi,tethridger5@archive.org,true,1/5/2025
979,Onfroi,ovedyasovr6@domainmarket.com,false,3/19/2025
980,Elicia,edumphryr7@w3.org,false,6/9/2024
981,Ceil,cbarteletr8@abc.net.au,false,7/5/2024
982,Myrtle,msoror9@usa.gov,true,3/6/2025
983,Colet,ctackellra@google.nl,false,1/9/2025
984,Wallache,waugustinerb@answers.com,false,7/9/2024
985,Kurt,kbaldersonrc@blinklist.com,true,3/10/2025
986,Pepillo,pwyerrd@photobucket.com,false,7/2/2024
987,Nannette,nblakesleyre@skyrock.com,true,4/25/2024
988,Margy,mbouslerrf@mayoclinic.com,true,1/27/2025
989,Ty,tmacfarlandrg@mayoclinic.com,false,4/18/2024
990,Winnah,wbottrillrh@bigcartel.com,true,9/23/2024
991,Joice,jharmerri@php.net,false,9/17/2024
992,Galvan,gpusillrj@irs.gov,false,7/21/2024
993,Garth,gneatrk@intel.com,false,2/13/2025
994,Tana,tmeltetalrl@instagram.com,false,2/10/2025
995,Willette,wthundermanrm@seesaa.net,true,2/24/2025
996,Lillian,lmattissonrn@economist.com,false,4/16/2024
997,Garfield,glongstaffro@hud.gov,false,1/6/2025
998,Chane,cheigoldrp@printfriendly.com,true,5/1/2024
999,Findley,fprayrq@delicious.com,true,2/12/2025
1000,Allis,ashapirorr@msn.com,false,11/30/2024
